"","baseline","baseline+age","baseline+age+imp","simple.baseline","simple.baseline+age","simple.baseline+age+imp","baseline+age+sub","baseline+age+N"
"002Incidence",3.12112211578278,6.48324037609018,4.9514386572373,NA,NA,NA,3.91998705346123,0
"002Prolonged",66.8931548525543,0,1.98460953048379,NA,NA,NA,1.96538217004309,1.94104295484067
"003Symdur",26.132207952558,28.0186187946401,29.877031063168,0,2.49466714293885,3.96409396040326,NA,NA
"003Hospdays",13.6518816211192,5.89795647697247,6.81335562809909,6.85450153435704,0,1.19591080343889,NA,NA
"003ICU",3.50889614626885,2.65563831341365,4.11293144787123,NA,NA,NA,1.96577215627508,0
"003Death",20.9956839068749,0,0.219973632391145,NA,NA,NA,0.453359574145225,1.81765517788483
